country/year;1948;1949;1950;1951;1952;1953;1954;1955;1956;1957;1958;1959;1960;1961;1962;1963;1964;1965;1966;1967;1968;1969;1970;1971;1972;1973;1974;1975;1976;1977;1978;1979;1980;1981;1982;1983;1984;1985;1986;1987;1988;1989;1990;1991;1992;1993;1994;1995;1996;1997;1998;1999;2000;2001;2002;2003;2004;2005;2006
Aruba;20555;21635;21599;6453;3822;10076;21495;25580;16010;22869;28943;10056;27466;10518;11442;29388;24789;11613;10318;9927;21290;14404;24396;27294;25836;10913;17850;29289;4996;23149;26652;18093;4904;3100;23825;25187;4419;26530;27395;3030;3741;16079;264;5745;4477;5249;9948;10691;19404;9239;17794;24176;3375;26988;27493;15956;24913;4953;21519
Angola;21897;24584;9432;3216;17381;18584;22832;23134;26728;21302;12486;7924;29590;27751;23774;16543;23995;25209;20954;29449;9257;26573;9556;19221;7472;23458;6325;16815;24276;27371;17717;10958;21811;6850;16964;12159;2268;24770;10615;11099;25079;779;1540;18589;19865;457;17684;23479;18598;26702;27634;26757;21062;21575;22451;9674;29902;15017;9897
Anguilla;9510;20921;28171;6611;7042;11570;18795;27546;29573;20346;1405;22546;11576;26585;11311;17377;9881;2070;1564;940;3559;12854;25837;5175;4253;22296;21853;16904;4331;25819;8655;23122;793;24679;14055;22305;28325;29213;29866;24721;7490;23721;27447;100;4737;1748;7371;21971;5529;28532;4345;345;26502;7269;28180;22202;13702;9593;15522
Albania;12530;10631;502;20866;23490;24091;14492;11822;7919;8404;561;24226;9779;18489;14261;16874;4231;5010;6713;24991;18593;19909;19313;1359;16535;12919;4712;12054;21117;21110;5254;16497;4506;18106;23760;15451;9761;8385;710;11397;17826;276;28210;3870;11976;4274;20492;3475;25543;1205;9347;21210;7681;20011;20866;4515;17612;20582;22162
Netherlands Antilles;1425;29563;27564;9659;8332;22520;7227;24297;2347;23392;29355;9826;18699;18616;16754;9019;7594;9473;23017;6431;2065;7647;29607;11909;24713;25671;15814;19419;3294;13808;7300;4126;9688;2873;17085;13632;7896;14325;3424;15622;18781;22211;19667;19159;9835;4892;19442;27941;9797;25461;5166;800;28670;6833;13914;7412;28659;7992;13261
Armenia;22285;7597;11305;504;28950;10632;5763;19517;3455;26437;16709;27059;9554;26148;4776;1993;8110;8411;13686;2738;22342;4280;27919;16932;14533;22033;12674;13289;10145;12201;28326;21245;18607;14211;7725;26565;228;10513;26105;16481;29529;14988;18251;5532;11877;18226;669;21645;18059;15829;16537;28343;14594;9806;14022;25255;17724;27714;11867
Antigua and Barbuda;25314;17499;4391;4550;13393;531;14245;5635;29269;21177;6584;250;21376;2116;225;12030;7424;22612;28143;3212;8677;20130;29596;388;25332;20298;10431;5060;4660;25663;10168;6025;27357;21073;9028;10294;9581;17315;5671;12348;10406;23481;19775;23249;9748;9119;2838;26917;2461;4936;21354;14000;25725;11798;24572;21834;4774;26231;11105
Australia;25740;10565;11837;28729;10313;20269;14629;24011;7523;13479;23287;14870;5413;4356;14145;3764;14424;6313;2640;27695;2615;5591;23055;16617;1816;6239;15447;19222;348;9021;3929;2198;28268;11348;24518;9429;18784;25722;13686;20260;5959;28320;23813;9522;9273;18104;18170;19394;15167;15907;19623;14705;13967;3520;15277;22250;1970;15243;24505
Austria;28175;22927;9861;12958;25772;24087;21943;28153;5283;11579;8943;14041;23465;7847;24696;12714;18541;29809;15467;29587;25442;16448;24888;16825;4352;21351;21772;16815;2519;16488;15866;8373;8419;15325;17309;22666;13781;15158;3296;17128;18521;21033;28452;21892;15183;9834;10139;21716;25698;29472;22187;16745;18844;3403;13737;3379;7467;7451;24907
Azerbaijan;28609;25257;28318;22599;3889;7157;3454;25206;18600;27483;19908;20726;3311;20467;26018;4182;14374;12136;6489;11067;4626;28404;7326;24113;10214;2464;16869;428;566;11949;16915;5352;12517;17342;29643;22670;3861;23725;19609;8205;13009;8985;14133;28515;4435;19513;26432;16715;541;4992;7393;1315;16625;18939;629;26030;16678;11083;20682
Burundi;20657;3493;22903;23340;6126;19174;6095;25613;4872;23483;1392;15454;10561;2976;4711;15760;18169;25799;2196;28202;26445;1459;11524;24000;18828;1105;11261;8470;6010;17455;20062;7790;23547;9104;20775;23834;26962;17105;13614;28332;24462;17394;17259;9630;12515;26890;8993;23765;27747;25034;9823;24235;7032;26460;14279;20305;29585;10216;23858
Belgium;7291;6679;18763;19100;11304;22650;15075;19855;1965;28773;4662;1241;18982;10482;25883;16655;7630;8152;16320;10323;19383;8046;13406;15852;21237;8648;25669;7596;9689;20171;29144;28697;16279;10852;26165;2421;27723;16765;3408;16184;6472;11898;29087;24499;1725;7612;20362;15922;9575;21272;28146;1616;24758;26536;15511;26204;19822;17382;6882
Benin;12768;24705;21798;14063;20188;28138;19306;27509;8845;13767;29134;12665;3231;20550;22089;8410;29333;26881;21129;24142;3331;14420;17672;9;21589;29991;6075;28443;13389;13107;5321;11917;5231;20259;7095;1237;19653;9799;10565;11798;21663;7673;23911;13780;2548;28461;28809;29955;2724;743;18250;11561;18938;16938;16881;18385;13728;24151;4844
Burkina Faso;20727;5460;8262;9697;29541;28280;13806;7558;21098;984;11410;17897;1214;17064;29935;14075;28558;17766;8015;7029;20934;15380;15284;25749;19636;488;27070;11346;12075;10143;29452;3120;13131;2556;7793;833;10849;7482;5747;7580;29826;4576;10146;2164;5678;174;16972;25869;1773;27025;5792;16622;24466;15566;4053;4736;24741;25281;27312
Bangladesh;21208;9512;1101;2773;327;26039;22937;18122;23734;19867;27489;22936;20531;6961;24891;4810;1357;27949;6931;5446;23670;103;15163;10750;28041;17555;3641;10341;5871;14588;21036;21103;12218;18819;7211;4346;8485;623;23679;12853;25915;28238;16548;17477;28038;12847;18227;21135;7351;5455;20964;26073;8881;6742;16133;27534;25960;22204;13315
Bulgaria;22446;12217;20636;20317;22756;7157;18776;13672;19735;21740;26481;1606;10644;2417;14678;5624;7212;9303;11441;5748;3245;900;10472;19804;16415;3340;5621;3681;12490;28761;369;23459;27505;14432;6317;22738;19732;9220;29331;8971;29156;19605;15040;7909;8033;3045;5438;281;27554;1367;18024;5935;27683;17311;29603;1906;22074;6981;7582
Bahamas;6609;2590;256;10328;11379;8068;22712;8949;9404;25427;18595;11865;986;14996;9719;3801;13312;10988;22880;25169;4196;20993;15624;22759;6038;22924;12177;28828;12335;22528;24606;19332;21876;910;14529;1607;19962;26645;8896;26280;26864;12686;25422;22105;19460;18363;24666;12421;4923;4670;8292;25130;21893;27729;15386;15993;14019;7726;22606
Belarus;16697;6533;7992;25827;8152;2349;5906;5731;27145;26333;1289;5682;14936;16526;19066;762;9416;17468;28663;7269;2405;2947;24305;23886;11177;16997;10897;8122;28352;24582;25398;25441;15121;595;25826;3037;2047;18179;12755;5845;13135;4303;25431;24096;16151;12170;24861;3900;6243;26946;9243;24127;24548;26002;8222;23769;26909;27676;23867
Belize;1836;20822;7560;8968;2417;9658;25321;12472;24736;16353;1247;5962;8437;13927;9310;9391;7547;26686;21266;10423;23877;10875;21967;11935;20449;17047;10454;25959;13227;21838;25330;25432;19282;10243;19667;20012;5183;27879;11410;20976;16427;21558;582;15040;22934;7330;15007;16811;5581;12411;23155;12286;17659;10838;20370;9004;9634;21107;22212
Bolivia;11269;20093;20280;16265;13226;16616;2399;19459;13848;6482;21190;11144;24079;24761;2470;27966;23224;6651;6192;25769;13914;28454;29659;2002;3781;7126;19716;21618;22260;11818;3619;7063;7830;3052;3702;26143;12820;28918;19313;16744;17238;14269;27758;519;16312;21756;15710;17802;8252;10256;24353;22788;28675;8294;2375;5320;28820;23473;12281
Brazil;7591;26950;5940;1460;21061;20982;22716;907;12799;6965;26494;14171;9679;20205;1725;20824;18648;6005;3683;25747;14240;1150;20237;20492;29172;7164;14253;27248;893;993;27262;26989;8024;4124;27313;697;24673;12774;17549;7141;26202;8673;26745;27973;2628;2311;12908;26049;28131;25448;20662;17034;196;13208;10742;26450;14584;19318;7709
Barbados;20050;19207;8119;23810;15074;17580;13983;25341;27190;23390;19206;2228;18090;26794;2035;4352;12450;21065;16166;12477;8338;19061;3054;22471;16481;20678;14853;4708;23721;9791;22819;21436;3329;5163;26446;21348;12367;25684;9069;4424;13268;16531;20033;9653;18550;2968;29278;3289;18257;6375;26306;29462;9262;3533;10797;16334;4246;22329;1193
Botswana;22723;22963;21310;961;24655;29984;21578;25088;7469;1444;7685;8667;66;21195;14549;10269;18912;10328;3945;13030;5531;13089;22662;10497;26542;2641;15995;23743;8337;4223;13107;11297;26742;15776;19569;20148;6272;25359;12140;16644;14544;26903;14876;14045;14492;25581;16994;9662;12276;6533;16085;29192;18586;15419;14257;25811;26609;24183;13571
Central African Republic;1957;29047;12291;28590;18421;375;6672;10;12610;15924;29276;7083;28406;7359;6527;10929;14850;24824;23739;26340;20565;22696;27074;17262;25909;13169;26661;25491;16068;16146;7594;29392;19520;2020;5647;7443;20922;13139;24996;16118;22675;14023;6713;24603;23759;3984;2060;24858;10185;3279;10406;24969;2582;1228;20337;18451;5207;19970;16116
Canada;20408;12016;23987;14571;17990;15370;12075;12194;28218;19623;3333;10532;24688;14999;16787;4387;23396;1192;19759;4625;12050;27462;15192;7308;28453;18666;11036;21825;10080;14376;12280;29160;23158;3471;17673;9972;21042;21983;20195;12619;384;24299;14992;23240;18209;23515;26441;14033;13706;10886;23942;20854;14876;18551;1148;10394;18044;20506;6537
Switzerland;26719;3042;18776;1946;21961;2864;14424;941;14094;1407;16666;9217;24138;2576;14122;20755;22472;18806;24101;29773;10143;10936;18323;25405;27753;21330;28184;16957;20788;15199;19513;24274;26873;15632;11168;22399;25695;1559;6937;29696;9489;16144;14394;27682;1217;23850;17406;4720;29169;25537;15340;25527;29254;18269;7100;18607;10356;4577;10158
Chile;17555;6071;11362;27109;6191;16881;99;5596;14578;18828;14391;9130;12468;10947;14099;11886;11712;23117;21569;7431;11827;21427;17086;27380;23622;12674;3401;8010;21397;5384;25240;367;529;24765;22830;27735;24478;13032;7289;17061;633;7412;17349;16287;19816;5499;18257;8213;14845;14818;25825;22172;14998;28149;23652;2618;5777;16456;11506
China;24540;22027;1257;8043;12994;23013;21082;23631;27239;25940;7207;4982;15365;7141;14244;8895;2645;26285;18711;1961;28805;28366;26871;6852;21771;27855;13288;3479;3619;18953;29603;29672;11000;8694;26410;16359;18385;8952;2064;6610;20196;21616;19187;853;25815;21840;11013;8356;5486;18605;19966;15249;8656;20882;5816;7152;7804;25630;14065
Cote dIvoire;25360;19047;2640;28709;10349;617;25132;16892;9608;26451;3279;15974;12213;5476;29600;20186;16895;14358;572;8252;11684;20784;26528;14322;10363;24752;13687;6948;22166;3466;13200;11927;6811;4536;3313;24522;9455;26316;11499;27506;22796;28081;28899;15157;20887;15843;23577;1752;19089;2995;12870;3698;25101;6170;7420;13261;21732;26443;11731
Cameroon;27479;11983;8303;16951;4910;13267;28719;21294;7418;6350;18843;11555;7340;10383;17842;20209;1178;14111;1828;298;25879;29809;23810;18723;23757;4459;1002;23597;13416;6495;24851;544;25822;26000;12293;22546;4572;778;22633;21589;24415;19617;29955;15654;29844;19536;29548;12940;12266;12560;2843;29540;5941;12964;17590;10892;15764;8068;11852
Congo, Dem. Rep.;19920;24657;16897;4296;11930;427;9203;6768;15826;10772;6280;25972;21347;15190;1700;8670;8174;1631;22761;21823;7948;10819;13561;3750;8154;4716;23950;28812;3869;24479;17280;2682;15599;7502;29625;20554;18718;21686;23673;19550;544;2235;17969;20670;689;15455;119;26043;23041;15110;20446;11561;18413;14211;5253;13115;4194;11812;26320
Congo, Rep.;4664;15252;27710;3750;26303;10924;15200;17555;26463;19971;25424;26750;7632;8140;17697;16427;17002;28953;4676;8444;8872;11609;2022;24689;16678;17775;9623;2667;14740;25466;29993;21259;2528;10859;3152;11725;8686;503;5133;20554;27228;17756;28619;6573;27771;16508;715;28595;8071;3097;17485;9287;24097;668;13533;16551;23203;22892;10535
Colombia;25511;112;2475;28608;29561;21603;12618;29815;19665;18735;7990;1778;27928;17111;19553;14798;17841;10075;12741;19462;12796;12837;25736;21911;913;19752;17914;26690;4369;29364;13666;27059;14779;11233;14739;12137;14998;19655;20644;2018;25062;26386;28897;27796;15989;8710;941;19039;10153;8331;7651;4167;5147;16446;17506;4629;29792;24757;6644
Comoros;18427;11003;3807;17853;3605;12448;18132;6361;23539;11664;15694;16496;29672;18684;21794;4945;24953;18362;1626;8938;13487;5075;8965;22014;25191;25529;4114;29960;24930;4100;12978;10705;15220;18732;29226;13141;28345;20163;27949;21953;14939;23135;16775;620;22959;15921;6559;19197;26183;23731;29669;27090;4552;6485;12486;21987;19469;27340;28154
Cape Verde;21735;18988;12875;11277;29588;7947;29395;16181;14524;25578;13053;24477;95;1516;24742;5401;27096;19479;24123;14779;8434;25137;3360;15567;28194;2189;19692;20193;5529;4218;15695;8772;23005;11318;6857;25733;21124;3617;3590;15583;25886;4910;21412;7640;23074;20938;8282;5444;4394;28607;29897;14038;5762;12673;15406;24612;5626;691;26000
Costa Rica;18839;8970;7709;9116;19747;14703;13776;15072;13772;5150;2882;13726;16058;1407;2830;27760;11718;16797;19190;1326;13885;5989;10417;17212;11403;2454;9701;11590;11722;28676;16898;9303;7902;26695;17518;803;14975;12423;894;16520;12393;20010;2674;19266;25547;14887;18501;12994;10646;19474;2373;11350;26840;23508;23998;13098;11191;27984;26578
Cyprus;26310;7408;7753;15721;17851;1260;3282;21516;532;7652;2974;10989;9154;18850;11836;9884;1964;4445;20296;28074;6745;28732;16338;8002;18730;15567;21838;5129;11961;7883;7415;2063;26528;22511;8406;20311;20495;29371;24865;27272;12945;17434;21647;1293;4833;8386;8731;22114;16082;7642;20132;28720;29790;24192;19665;4277;9763;13301;29465
Czech Republic;1224;417;11288;17760;16672;6924;12365;9702;3487;2077;6204;1819;13299;27587;27989;29207;19344;18753;7044;13297;818;26631;27309;25650;8497;17811;12858;12632;11335;5889;10401;10850;26323;9870;15458;13600;3217;6336;6311;6442;16545;4318;14684;1794;13912;17097;2613;27251;9592;2743;8072;29076;8800;6482;13483;12029;24455;20155;3681
Germany;5044;21962;11010;16261;52;29687;12659;27892;27215;20733;1867;12123;413;17161;27305;12225;7054;27176;74;20564;12366;21239;17303;9520;27815;6495;17866;2536;7294;19132;22370;13858;19835;21405;3529;389;14078;27420;14481;20601;13477;15886;24426;20064;10560;10172;27236;6257;19573;2582;3683;27633;17349;7827;28336;28819;17676;30;26086
Dominica;14317;20850;21762;26128;13500;19572;8366;27424;4887;28990;12964;8909;14417;26905;27957;3479;14791;13606;24875;23122;7342;21121;11880;14671;24524;17402;297;13201;15692;26269;12120;4165;2084;17363;13069;24595;4499;16269;11030;9178;17230;27333;5697;17891;15713;13288;10881;12183;5234;22789;14613;26120;2844;25494;2044;29657;7572;21013;4552
Denmark;14286;16388;26948;21421;8196;4169;833;20755;9260;15729;8666;24368;15352;26107;5002;28163;18333;1322;12090;5066;5425;23712;20909;7701;2868;28898;1012;8084;16230;855;10846;14738;8970;17840;9135;10473;16040;24553;18932;5173;22232;26480;19834;14394;22977;18245;16220;20794;25521;15664;10332;25199;24113;814;21034;12523;6785;3693;26487
Algeria;9742;6872;27089;6123;18212;7330;2979;15052;22886;24698;22223;29604;18845;28720;24947;27509;8642;1287;22926;2346;22159;25767;15179;10523;13724;8262;5758;28123;21023;193;7778;205;3923;27534;19553;15278;20944;24603;12389;1271;8357;17505;26943;15152;29880;10093;9107;17789;22513;16782;6181;1365;9476;13609;19037;13617;2789;8219;14934
Ecuador;27871;12784;25499;776;5624;18171;8324;26772;21586;24201;12005;13554;4833;5125;22637;8846;7895;4038;27537;5852;27461;13641;25141;6470;17163;25154;25989;22713;16859;7083;28740;1156;6571;7130;11585;16181;8431;15492;3135;28699;22866;16240;9401;18642;20065;2737;21072;25579;617;23820;21850;13093;22602;15331;14233;7755;2683;22587;11122
Egypt;26141;18657;9306;16654;7258;22040;9525;26111;9808;5587;19248;7836;19875;16514;6144;9608;15028;25460;24944;9107;19097;27123;2514;29194;2654;6663;13862;26203;6757;22428;4263;4671;25134;24139;26321;19221;2702;25786;8024;15048;16484;14150;11857;235;2762;25606;19937;12812;13304;11710;5856;13193;93;23198;1836;5600;26045;19573;9021
Spain;28815;3406;13043;27065;3702;1208;21576;29823;17712;3181;13989;24977;11692;15382;18195;5948;27759;6927;8472;14957;17651;15716;28599;21461;17646;22870;17179;11677;5635;17794;27919;3442;17761;29385;18195;10126;16872;10423;5561;17807;18254;10221;29862;23165;24404;13615;12342;9846;18689;27225;12514;16912;14669;7299;301;18277;4209;26965;8061
Ethiopia;19373;21157;24531;7339;19748;2048;9598;6876;4622;609;6022;5316;17732;29980;7200;13734;15130;2203;670;24524;9478;7036;10207;25248;7002;6240;25509;21421;25408;5231;21559;19008;26805;14;14253;2649;21989;4364;24883;28544;18707;24026;13507;28736;23919;2580;2604;3254;26862;21124;18761;23104;23785;29810;6894;29969;4564;20818;20659
Finland;23798;11761;10542;26372;763;26827;8259;17768;28083;20015;18869;18275;22400;8318;15612;11779;20396;834;14582;16130;24394;5854;8540;25465;6968;27996;19083;14181;26463;17172;18620;4544;15947;22510;22327;19211;9266;4423;12155;2091;9224;7875;18948;6807;8406;5261;13352;2711;23490;27750;3554;9995;27198;1608;14317;18755;480;25866;24468
Fiji;25464;5677;2244;22861;22896;8218;26383;5088;11593;21214;5058;17018;7558;21272;16039;9776;29778;16936;12387;18896;7216;17128;2392;20641;17527;6258;22662;24545;16786;3561;13655;9795;28362;17548;13520;1254;473;13569;27503;24814;22958;1293;21923;29119;14254;23777;1989;8974;20524;829;5917;12879;21682;7701;967;29502;1138;5377;2876
Gabon;15363;3152;9835;14572;19636;24086;3437;27402;2665;9968;13216;25478;1078;14091;25277;26107;29477;8218;27237;12850;972;8551;21838;12332;158;6809;29564;10150;13292;25125;18022;19017;23578;3691;2616;7158;16289;14186;19326;27249;12231;15389;2641;22068;3734;21873;20754;17640;21614;15690;6787;25584;12362;24816;7742;2175;16174;3883;29087
United Kingdom;22697;17080;12647;12808;18214;14993;5506;9029;26621;25838;693;28403;5361;450;21527;11769;21055;20540;11074;17731;2727;16418;12371;9277;9575;19321;2356;13432;14683;6115;7036;7416;1833;5441;22399;14580;16857;12021;11107;8979;6918;17954;12245;15780;4568;5905;26009;16727;8455;8683;24880;10629;6383;4204;10352;9790;1298;14367;16218
Ghana;4243;15533;21997;19762;3061;11514;16948;152;13622;22514;11470;23292;21306;22085;11044;1818;14348;7636;20566;23035;26282;24135;8241;20038;4397;24804;28078;14806;12128;4894;6940;24349;9729;5931;11781;8646;18114;15281;24075;9963;29437;21549;21670;25058;8135;23594;18807;4566;9732;9160;16811;26550;5113;28482;4055;15210;23168;28271;22365
Guinea;17830;238;25192;1242;26329;16474;1528;17725;24644;11047;12896;21221;7494;12095;23160;3179;2540;10040;10937;7018;6042;3453;16891;10198;7677;29112;10287;3820;22125;12230;17750;8596;9209;20348;21458;5302;7202;15888;24949;21714;5481;26910;22620;566;15893;3572;8811;7789;12285;25961;13943;20431;12385;11660;18311;24491;2587;24137;4271
Gambia;28475;1959;24234;830;26770;29059;25728;4410;14773;19543;3317;11873;15363;28507;25419;25090;14822;2491;20172;15188;21948;314;27986;2019;22890;2927;5279;26678;20092;1770;6417;26635;26924;9845;2855;21526;12110;25783;21514;223;7149;21958;28590;28133;20302;11976;9916;15195;19932;10300;20097;21439;5915;3350;24711;29810;8428;2894;14205
Guinea-Bissau;22195;11450;16614;5655;1711;23980;29756;2429;4222;17511;28970;24665;152;13532;11407;5929;25457;18229;8453;7042;29020;26319;28700;24285;2816;14795;4423;13772;15180;808;6585;23384;7492;13809;22068;14162;12846;22864;16558;12611;25876;12284;6553;5454;8395;13466;4486;21599;21173;27939;25339;15822;8812;7565;30000;27116;1917;24827;26839
Equatorial Guinea;10267;8880;16337;28500;24840;27643;6179;10539;13272;24394;28199;20333;17783;10879;948;10470;16480;9046;15446;5487;16076;20802;10535;5006;17659;28392;9117;16768;12560;4582;480;24876;29345;28434;22434;12858;2522;7580;4604;21874;27131;2855;2678;13976;25420;25802;6197;25368;15672;28724;12115;14217;19842;12471;16707;23282;18779;13827;14971
Greece;10529;10432;12960;8809;27330;23674;6213;22471;2973;26818;28799;1712;13279;5389;2738;22660;20225;16745;8498;21640;4969;27089;11052;624;11459;749;26928;21901;22653;29305;7707;19948;1970;25285;5476;29871;2105;12925;20815;16682;2160;17666;15653;21756;7456;25930;21183;21747;18365;2126;29113;21699;26844;3337;18150;5228;21965;14123;6482
Grenada;1823;18565;3968;15633;18688;14377;8645;1765;15640;289;3169;7185;23577;16948;12675;9712;6561;24479;198;15132;19871;11942;11682;1467;6495;2364;15988;9442;14505;8439;7264;20544;21035;11103;10070;6088;14579;3022;24132;4409;16438;19148;8758;14864;28928;9658;2864;10817;12548;16916;6893;26886;20867;2674;7381;645;6569;4707;21167
Guatemala;22073;12587;21505;28216;13273;2918;9209;12578;12616;24014;11931;23754;1185;2994;28772;7129;10172;978;16070;2687;21886;1505;3700;2603;26462;7589;8632;21448;10703;3476;2351;10577;24833;867;22246;12451;11468;17497;18784;25059;21580;13840;5528;14667;7500;978;28779;4875;19417;8606;13391;20923;11951;3156;22363;1418;3187;13926;24741
Guyana;19247;2187;4867;21190;15994;24038;28356;23983;27982;15138;21095;19721;15284;5618;8932;23900;25933;9955;4050;13407;20614;14197;15812;28597;14757;23615;7375;4920;14257;13374;17646;2650;6417;10223;19895;8581;28262;10748;26555;821;13294;10857;19298;25213;2190;26093;23323;26543;25922;2283;24804;5938;6658;3476;3521;17189;24394;24570;24169
Hong Kong, China;20039;22235;4553;6820;13058;4728;4476;18999;13842;946;27745;21427;18196;14159;9640;10812;16293;537;18793;4753;6579;1454;4100;14836;21228;20245;16252;2138;10569;13699;22567;14798;82;7208;28579;6976;18062;16967;20569;22645;2077;12705;17954;29959;20226;10208;13982;17674;13688;15394;7812;12113;18965;19128;29427;5602;16114;27066;7242
Honduras;11539;16018;17522;17367;16473;13489;8422;14514;4057;24745;25961;15990;22750;18075;6147;9114;6443;22946;19750;3681;24620;11798;23944;4396;8221;192;9698;22301;18255;22520;9658;19987;11630;17291;26885;10607;1704;12239;15532;18857;22808;20473;24214;11825;8474;3276;2196;8215;10767;20302;12126;12650;2123;11948;4396;7779;14815;6507;21183
Croatia;3422;11169;9411;9034;19003;2823;10009;17693;3152;24176;8679;5432;19586;12120;14029;2975;24543;29321;22361;1314;1729;3205;20782;26156;2715;10501;16489;29290;14541;18278;20552;28767;27593;13593;6614;10055;14745;21314;10696;24981;11018;12844;12102;338;29095;17070;14328;5823;3443;28223;11392;16396;13801;3187;17407;26801;6605;9426;17391
Hungary;21315;3313;3107;7545;25340;2803;8683;654;29182;27002;28599;9748;2362;19199;12940;13341;5421;5383;21707;11893;28196;8725;1384;13021;28098;24429;27324;17501;24588;1255;29569;1622;11827;21280;24859;20794;17907;27269;7906;26564;15492;20793;29908;12683;6474;26679;7417;18061;1170;10065;13687;6559;26410;26302;10279;21527;12223;1618;10131
Indonesia;29596;14372;12493;15281;23675;10176;10878;875;10767;3764;10029;26722;3143;20747;17849;22226;22038;25840;3101;12687;12399;12439;24378;18643;1995;12070;24940;4336;1203;10526;8787;7224;13724;963;11610;834;23546;1994;22735;16080;1713;14791;12859;22021;24036;27261;21812;25064;27760;1313;4841;15319;18563;17015;23729;11145;17407;24638;16975
India;9708;12339;5252;16469;16532;12183;18940;26101;1318;23114;29728;25555;13609;25170;29369;11824;17141;2640;3686;15163;14213;2973;7003;12597;4789;5418;20339;29534;11607;13345;25762;15348;23949;11416;17973;12056;2281;28563;22026;28797;23064;28064;10154;5660;372;16948;7718;9960;2183;7634;10306;15236;23293;8130;13982;23054;29406;27337;29634
Ireland;19061;27218;26806;2832;11470;25351;17296;11267;21963;11909;14386;25705;9122;2133;19602;22178;5910;14021;3568;18145;25726;23055;29376;9871;4415;665;29991;19783;17424;15219;27329;2542;23145;11125;4839;7728;8355;7001;19630;12309;713;14786;16609;7281;26554;5271;24273;6678;7305;6393;16086;16840;2803;949;3239;25064;11015;28444;295
Iran;13473;3962;19188;13474;378;3596;18713;20487;26081;2669;27910;6314;20082;8002;4261;29953;10590;29368;14690;22435;765;18180;26433;23026;12819;9620;24779;27084;27672;8923;10492;2840;1709;23710;4985;4039;2998;26455;29422;27945;20330;29223;3028;18268;18059;5126;277;1676;20842;5444;2058;3599;5899;24531;24481;9524;27778;27551;7017
Iceland;26537;22654;25602;12458;12033;21588;13456;13;2409;18305;6333;3926;15253;1645;26668;18377;16186;18747;11061;4222;5004;19131;20351;21292;8813;1447;16263;28309;29214;3288;22529;25436;15541;4413;7143;3709;24419;19158;28075;21553;24980;11795;21073;8131;29001;15756;6735;28853;22085;10056;459;16782;17506;17235;11175;26218;10403;9470;24807
Israel;1990;17074;12203;12551;29685;16235;13474;20348;13986;23487;2897;18530;3203;18798;19679;25187;4226;28757;14178;2151;1923;5650;29455;4356;7804;18064;11389;14059;25394;17023;19784;1551;24836;5280;4220;17454;9399;6158;12767;16659;23964;28273;21989;2817;2574;15751;382;8373;29081;20939;8219;5068;9608;26600;15052;28136;5366;11412;7225
Italy;20167;9660;4814;9244;8633;12611;3602;5099;25127;863;13496;24505;5067;424;10666;7633;24738;16588;10657;14482;4777;26287;21536;2205;8106;22838;23078;6239;29837;8916;5026;27712;3596;10384;24361;6778;9455;13602;17972;10852;11859;24794;29439;10620;16826;4384;16452;13123;14142;21023;27280;19318;2109;17117;21406;16093;25400;27576;17073
Jamaica;16970;18275;17307;12849;4295;13603;15095;25821;21729;19844;12251;8452;27736;17576;23184;11606;20255;28378;15941;3824;6884;25322;500;6648;27589;27736;28888;13897;4890;10171;16307;9095;4902;10296;1943;27813;15970;3060;19691;13303;14303;694;11220;5414;12528;83;28322;27527;439;12796;10940;5265;3664;2218;15556;19033;3502;31;11646
Jordan;3630;3332;5136;9741;3197;10998;20741;1419;4613;1601;17265;9705;20511;13921;9724;29547;22042;8938;16241;29780;2656;23699;8068;26736;9674;27964;12915;470;16034;28472;5993;17884;15770;15343;19508;20958;12115;1110;28598;27635;8215;6599;8183;3769;19074;11222;16293;15942;8169;13665;20625;5512;13857;4780;25907;23911;17485;2204;19681
Japan;14047;18434;13672;2058;17804;25381;27937;11426;2249;20975;16108;24093;14327;13657;11429;4861;11974;23026;29834;5897;23779;378;2395;21183;28586;3614;26499;5562;15023;21851;10230;29482;19518;16858;25566;24146;14175;21862;2237;18100;4865;14262;20951;1646;7899;16743;2114;362;5925;9279;3719;10538;3269;10492;26771;7769;17686;12731;19469
Kazakhstan;13865;12995;10563;696;20153;16855;7638;26899;7526;20222;19729;16469;25280;899;20161;11006;8693;24826;11185;28695;2054;27267;17914;10349;1794;841;7652;28841;6667;4577;3099;10965;11385;25492;20712;2363;19912;26193;10317;10681;28772;19810;17914;23404;17290;17790;5783;14081;12350;10867;20284;15104;5139;8103;12034;27364;29898;20459;5378
Kenya;8198;27209;21159;11718;15743;5365;22133;25151;21774;19952;22983;14967;17063;3615;24510;23994;25063;21410;5680;29461;3269;23391;6179;11892;2284;29449;22093;1036;13376;10423;28448;13373;11746;1591;5184;24214;11192;14552;7814;26977;12699;2717;66;10105;6960;15389;10498;11025;10226;165;15630;20414;17342;21354;19714;15814;12414;26341;26777
St. Kitts and Nevis;10397;19799;18249;11741;19807;10446;23599;11267;4171;2183;15877;17556;21409;3353;25302;5;2842;10365;14351;10822;29319;23451;409;27298;21187;10198;5431;6200;7832;3921;4818;2588;8620;21681;20894;4517;10209;29898;7567;20339;17095;8670;9404;6982;25652;22476;7492;6747;7774;11865;15191;18409;24340;22502;25442;15267;28652;26674;4156
South Korea;13566;15935;4277;17299;23437;3148;10074;16851;1148;11234;26746;22424;1042;25316;26304;13602;5331;24533;12237;12080;20820;28038;18714;9284;24618;8645;21424;27432;2551;1086;11860;20017;22819;28782;28297;14195;1401;25439;24085;29468;11238;17932;19338;16948;16644;12951;9561;27938;29853;28298;12145;8280;28534;4174;15933;939;21847;27579;13971
Kuwait;26692;18225;24016;16267;28035;20845;19380;29575;22780;6350;20363;9219;12270;27398;3406;3465;14854;15869;9089;10353;10991;29039;11869;6218;22939;7295;14074;3917;196;16136;6009;9150;29022;4026;26887;28133;11566;27536;4583;11051;3623;10776;21371;6291;22022;9807;27209;2610;21771;1557;7622;2283;11064;27732;18229;26742;16925;11214;22710
Lao;28108;4998;16197;3784;302;18106;20943;23938;2488;29464;29934;7475;2759;20596;1522;23263;11318;20076;24781;6928;24033;12534;6538;13189;28980;20983;15050;1581;29367;11319;28943;25340;17754;19189;16157;28204;1221;27386;5565;17060;20439;12530;27630;7203;26086;3221;6225;20425;8478;24188;13051;28478;23742;1861;1009;28727;24473;25597;21347
Lebanon;4153;18498;23405;14291;19016;28860;11099;29020;24880;3467;25098;8769;27461;22869;12007;20780;25622;4444;14159;29581;17221;24608;17490;25905;24331;23947;19751;11268;12477;19177;1623;29734;11346;5502;7392;4939;9386;14464;27518;29271;11348;21008;21151;843;22105;10939;6459;25018;26334;3913;21494;20161;13130;9694;15688;16744;27008;20420;14216
Libya;18148;21492;20580;11327;21830;13715;9379;25946;21918;24070;26180;9804;261;6419;26404;11358;25741;13051;2167;12616;626;27479;27836;27337;21917;9333;5675;10223;26248;25470;26584;7559;19154;17813;1028;14709;27443;3903;21194;11788;16452;8752;27932;14915;16419;20080;4867;4158;25878;12194;19808;3823;24047;24786;26320;25682;25183;21624;3849
St. Lucia;24571;17433;3682;22418;14128;15108;16127;19124;18951;5199;14554;6639;19179;10063;5555;13630;11146;28419;27731;6585;22183;15986;23490;20945;12609;5341;6734;17897;29958;27447;23347;17403;21132;6655;21843;25788;23573;13716;8183;6066;21476;23694;24000;21821;199;5058;12443;2886;7200;455;2192;21976;6129;13057;23645;9851;6319;29876;14222
Sri Lanka;14742;19730;11611;21650;8000;17536;13894;19314;27019;23635;25238;12238;20085;2322;12578;5477;15079;2778;3466;12711;29811;9145;13088;27997;6277;8029;14803;8074;21852;14483;15905;29776;2046;11628;26766;1810;1978;294;3197;9996;689;14721;5668;18777;21258;16484;19509;2872;28051;19549;17492;16552;13908;24519;17583;26191;23102;19908;16646
Lesotho;29838;4118;7267;25586;26148;27794;18848;1753;16085;21999;17310;13562;7272;9851;16785;17650;22629;12960;16175;19956;12512;1687;19118;27805;4109;20777;17956;16800;24969;11574;10460;1554;10818;24931;25121;25330;4300;2510;28200;16853;4038;11272;21744;29906;195;22554;16149;18538;22119;25532;2595;4474;17661;12936;18711;10882;25020;20775;18363
Lithuania;29173;20982;16129;27536;20358;13877;11889;27317;29255;7770;2269;18703;2479;29166;20117;15722;15663;9753;29835;13667;23629;23640;27965;7498;15239;21582;11247;19144;11605;13313;24301;4477;19818;27937;4014;17208;11765;7422;29215;16137;14006;127;28887;3593;410;24260;27853;19781;8519;19806;16152;24082;24374;1893;1027;18501;28506;28466;8383
Latvia;7977;23449;10998;1243;13551;15699;14961;10362;25813;17100;26932;27680;24439;11363;26344;1345;9522;2748;11360;12252;3297;18835;987;18533;26111;5888;19883;23467;15102;582;11987;26140;28602;10862;4032;19658;15570;2713;22739;28372;5971;7304;8220;10622;12952;1412;17290;16524;13121;28446;18305;19316;13724;21988;6649;6666;26961;24699;2442
Morocco;19326;21033;24979;21883;13424;15916;15909;534;22583;12614;27069;1135;416;9449;2484;29140;13776;25604;25883;1941;20697;7126;15399;15416;26724;4059;1624;25228;3598;2605;556;3682;20628;28827;15380;21086;15321;5884;22203;25452;28867;9126;12202;29723;9750;27111;17119;10086;14834;16479;18375;6716;14695;7797;8498;25661;6816;2543;19312
Madagascar;5647;1458;8125;26506;12171;1189;13618;1176;19243;17477;29698;11731;9662;16057;23591;2951;23991;7194;24433;27742;20606;27511;29613;7040;3885;5327;6355;7745;23813;68;898;6356;25043;5273;25267;9718;8109;29638;1369;1621;17198;15428;9041;24836;12479;3824;9329;22421;5372;14973;10464;20061;24641;14536;1470;11359;12442;12383;629
Maldives;27803;11717;1868;6882;19513;1672;1193;26765;6680;5358;22503;25706;29917;14907;21348;26678;9696;166;11428;21994;22817;17398;21018;28381;17214;8207;26386;8826;15464;17656;10334;504;9960;27442;3987;7150;7520;8074;11011;22186;18007;15811;16605;18211;24576;13408;12056;7652;25911;4458;11250;20966;25591;10546;17480;16566;7341;20874;10065
North Macedonia;9687;19668;2559;18130;13221;4221;6411;11079;11939;22435;5891;6488;15025;20856;13917;25986;1329;22003;18212;8344;22755;28045;13921;12961;11784;12929;10355;18303;28501;16054;2114;11927;381;20621;18194;22646;22610;2654;28649;17024;28023;297;10362;9119;20640;5551;11072;25223;16278;6503;22014;5706;19625;1836;7508;8937;8641;20805;17980
Mali;22315;15165;14658;26315;6488;14485;27937;9844;13278;21298;7139;19146;3144;11126;15621;5860;19842;990;22095;15542;11728;16995;7959;12631;20638;28015;21918;24381;5404;20904;4492;15195;5637;23066;23275;7538;5119;19515;6923;9054;16274;14148;24780;16532;10251;17458;24943;27289;319;2554;20651;28011;9162;29754;29286;16234;12997;28537;10050
Malta;4409;2884;7505;4444;24941;28592;13057;26465;27291;29965;11193;12244;1343;25897;29786;29672;17789;9839;25387;24284;1328;2341;20304;24431;10961;742;12181;4458;4749;27073;6090;2085;20996;12566;20098;1302;5288;26850;14561;15201;19709;541;11726;16461;23928;3202;4981;24600;3400;20631;9551;28606;16841;2630;18126;12442;6435;22247;20623
Myanmar;26764;26444;16241;24227;23473;3527;14728;26067;17229;2322;26277;780;23356;22866;29625;27662;15205;4657;8593;7028;4576;2046;27772;18821;18848;23636;8637;5623;4901;27124;4390;27694;3237;20220;784;2052;27740;20702;680;17876;13404;17920;6956;28724;11404;27672;4664;17342;12560;2442;27873;824;1345;11687;20380;9074;24946;10590;23440
Mongolia;22878;3266;14046;15956;16274;19058;781;11280;18668;16007;5749;6948;21705;9856;21386;26939;23456;13095;13551;26190;15346;17843;21097;13300;22331;21955;9866;23117;20786;28124;9576;275;19378;10494;23560;15790;17460;6180;24644;29471;10331;22259;18681;25694;19733;19115;7065;9943;4782;4342;29654;13631;10255;24125;3922;28461;10612;16312;445
Mozambique;14482;4549;6756;14368;16334;26890;20359;28371;4634;24397;18091;11505;9304;5438;12533;21438;17981;14794;27131;20188;7181;13780;10845;10739;10457;25447;12283;122;6604;25949;26342;1556;28920;23835;3536;2365;8763;27624;7074;29903;20325;21949;1148;7744;20612;6059;12686;25071;12579;25314;22978;4625;23108;13319;25492;1310;1758;6667;10180
Montserrat;25797;21815;10493;14953;16374;17771;14285;26470;25748;6054;20807;7558;12096;28836;24518;478;14835;6776;18170;18547;12587;1864;13912;24100;28122;22801;2360;16830;7933;23048;29799;28548;25782;10495;23682;20609;15811;29339;17841;6798;1986;12031;12852;8356;24405;10752;29999;15894;18384;6334;20939;25359;9956;28188;272;13732;3729;6510;14849
Mauritius;4937;24286;8259;19617;643;13079;6936;29732;23951;28669;13173;20221;12381;4858;27713;26453;8417;27075;671;12293;4900;21599;20866;15270;17764;1313;4790;10958;5258;8867;1984;2497;7592;16039;28516;13810;18613;19126;5295;25942;21008;20588;7594;27712;29025;24220;24321;18299;7064;12403;11051;18505;23051;26863;20226;29166;18227;21968;654
Malawi;9999;3679;23996;23087;6883;28779;20296;2355;20578;6340;15928;4139;18136;26029;11684;4835;13629;28661;14604;5985;27007;13600;11793;21632;16877;14575;3358;16309;7821;3940;14458;22434;7836;18631;10201;15681;11708;11464;38;19661;28633;28855;10928;24690;22300;12386;18885;4986;18465;15261;16220;28700;28663;8474;27082;22829;10909;22441;13241
Namibia;20750;16377;2786;2418;5728;8577;6978;3356;16008;9957;25776;2516;9838;24171;2280;4640;22905;302;18875;7973;29233;12222;21608;97;3146;25352;10920;7764;29338;24569;10749;17273;15481;17660;11142;23247;5679;27328;9022;11268;20540;1425;22240;25450;19586;28964;15236;10139;8143;18906;2405;25631;15893;4316;28236;5539;12166;6205;6218
Niger;1439;19941;20993;22508;6152;11813;24175;1792;8637;1686;23553;9152;25348;25810;26801;19794;26070;26506;5077;7320;22029;20170;13472;20509;18344;11470;28118;9524;15703;18643;14174;21564;14591;12818;15807;17705;29644;6010;5638;25295;16347;21213;18572;11831;22875;8962;29500;14112;23343;14609;12424;20371;21770;4217;29541;3980;12254;248;24325
Nigeria;10833;23411;24073;3285;24852;22463;5647;7157;25376;3481;14385;21078;8527;19039;22498;6585;15528;5386;11509;21779;24693;9131;14259;21889;1733;16925;17203;10734;16165;11675;29692;16232;4540;214;5319;20774;9973;7937;11305;12028;17398;6562;13149;21372;19005;6743;780;13381;15270;23543;28402;5746;14488;17230;23629;29779;6414;20482;7550
Nicaragua;11497;10398;8443;8057;7435;4642;18003;22691;29436;21532;4366;9175;8913;24002;1993;6435;28180;3772;15551;15274;21241;9807;21633;9901;7858;27118;2640;16315;7431;21330;7147;13871;11626;9134;830;2642;18753;3728;6951;20794;16637;5673;237;17758;673;11753;4153;20188;14275;11131;7380;25295;24116;8490;9162;7174;23031;29620;4292
Netherlands;5395;25973;29665;24450;1738;20220;7066;22431;22428;1560;9870;10588;6835;11134;6134;17664;13473;16170;13425;15119;28323;17426;29476;17038;15472;17238;757;13754;1659;3584;14949;2339;15049;19162;16513;22907;1925;12006;3439;5940;2775;2001;11840;18867;2010;10350;19915;23748;24310;10639;5609;11418;5573;11880;27186;8379;9803;17212;3950
Norway;8304;9432;25054;22904;2945;15562;22252;17946;655;15771;2271;28320;18523;5908;28802;5674;13879;29638;8453;21401;1735;7865;5861;23453;13392;15699;10401;17152;12017;14876;28950;6811;2287;4897;1892;16311;5395;14767;27698;22392;6169;25025;15689;11784;20906;22830;22379;12420;15484;19465;25496;9421;2951;12897;923;8328;1619;12023;26395
Nepal;26764;26883;9250;17297;12287;2964;7931;23124;2959;22689;26592;2169;20362;20197;21381;14959;14860;4209;22701;25824;3894;432;11939;15756;8139;18299;29630;18217;11796;13702;5485;14208;2891;20758;15332;8443;13015;28961;4953;4965;3819;26033;6190;5245;5050;25993;463;29497;7267;21616;22315;22851;13343;10524;19177;11067;22706;16823;29145
New Zealand;7518;20248;2475;27294;8977;21113;21787;25289;26794;2892;11039;15118;25587;21615;448;25693;4072;17179;19438;7080;25524;2990;89;20278;10541;19920;24385;15404;18269;13835;22552;23692;6047;9964;24647;11740;482;7084;8785;9635;26278;22736;4204;1160;5831;9914;20076;25697;25210;6127;19327;22840;27156;11817;9812;15334;5109;20796;3612
Pakistan;29325;8850;22768;2842;29027;16332;29062;3911;24991;27817;6966;16369;26234;19060;9953;28589;8281;19164;24132;24622;10010;5097;11243;23744;25082;18124;10018;7309;6010;13112;691;26996;18646;18029;1993;20832;12847;8321;23305;21414;11208;19504;23138;27512;4277;8342;165;1111;6469;910;22211;5377;23427;6772;218;24427;10035;1291;19849
Peru;20004;9291;6682;15455;22272;28096;28745;14752;13946;29467;16890;8919;17553;22354;3354;23383;1604;531;24332;29364;10007;26053;6621;10875;6808;3444;24244;8543;7669;22370;9406;21555;10746;14673;25439;1956;14304;20241;27938;16837;23649;27597;23865;11961;11660;29101;3990;10000;23094;21216;20737;8153;22899;25770;24640;15487;23654;1604;10408
Philippines;10131;10293;5161;25480;13128;29654;5740;12566;8539;6078;23699;29425;12537;3928;24232;14976;13977;1480;23673;25228;15043;25680;17478;27874;13180;1955;12592;13568;17769;7638;11066;23124;12806;13037;829;23711;14349;9862;11606;462;21622;6311;11079;25552;4903;8693;4994;22851;10427;8683;18658;16342;25434;10898;24123;21161;17764;25443;3801
Papua New Guinea;1489;7290;29696;13606;20701;10810;17176;6145;19085;18499;17090;29052;13632;20057;10908;16488;6880;22572;26070;17081;4999;13233;13199;7881;2194;19614;732;17446;15659;14326;8510;5209;12429;17555;23124;13698;2391;20181;24144;8682;17131;13286;19449;15003;9902;24066;14763;29322;21523;26928;979;7531;5368;21797;20553;24385;16846;18427;17784
Poland;22922;23026;8397;21854;6419;23466;22880;21878;8294;18669;29136;1925;24164;16757;2464;3228;10124;16481;3728;29269;10632;17457;12009;12485;11684;15632;17594;22940;29962;11545;19943;26621;1854;28227;27572;25668;3519;13452;18129;15362;17896;14625;21736;11283;22176;6086;27862;3445;18162;4186;7606;28706;4074;23665;4544;27488;316;13401;6348
Portugal;11315;24894;697;15442;2621;7641;22276;16756;10550;22498;27554;2405;6910;20248;12870;5434;1481;15929;345;18399;17711;11562;24861;3313;11490;24460;22021;8297;29899;10734;23446;20398;25485;9992;5532;21739;28314;21124;8605;7125;4458;28717;27724;23144;23007;7816;14527;8344;26052;9002;8515;23694;22890;28192;9018;5028;12741;5090;28183
Paraguay;5198;589;4935;26845;15665;12610;6585;3526;28230;9865;13314;5854;1092;14140;29759;5041;27338;27722;15433;20477;18140;20502;2848;16633;14804;29231;1919;25369;10429;28390;22564;1642;7255;11319;13270;21403;18522;25267;24066;9840;3396;19826;9142;26297;14123;7243;21038;1217;27085;10405;3910;7244;15285;1585;6381;17168;20002;26354;612
Qatar;10495;7786;15644;5357;3709;6740;3731;28789;26668;3500;23095;17529;7325;12922;13166;28810;284;28356;15502;901;15568;1091;20576;6502;22029;15308;15424;18715;1042;13311;20418;25946;15204;15761;21971;9942;15373;9590;5823;25070;16317;7869;27592;23482;585;16758;180;26510;9237;19295;23887;7642;13015;21883;21193;20241;7572;6288;14572
Russia;26219;17426;9047;15486;5401;13171;3032;13818;23568;8408;429;14492;3196;21917;9014;25588;20262;16644;26945;19769;4189;3779;7260;17982;19123;530;14633;7706;11756;26926;16585;11498;27243;5944;23444;12707;27306;13193;3039;3963;27239;2993;2466;930;4760;10280;3922;8506;898;18338;9277;22755;20214;10611;29474;21740;4196;27444;8150
Rwanda;15504;25720;15639;11030;14427;10839;14057;12202;7071;25879;26273;15294;2860;1850;1215;9366;2358;18535;9374;26801;24755;19853;20715;6113;28789;20329;20479;3689;4919;5640;12931;20520;21755;8112;23919;12662;24974;3918;13923;2569;5083;17501;2166;11051;3344;7867;11883;22807;20957;28187;23557;29654;4587;25357;9968;20724;17629;3773;11657
Senegal;411;24996;19005;16465;6913;10972;28704;7861;10850;24267;6028;25538;4774;7496;15889;23503;8038;23566;1767;609;20191;22967;19739;23316;2634;6305;855;21998;6132;6372;26840;24315;5513;5144;19321;25647;21261;5402;25281;28184;21882;23700;2940;17084;23775;5439;10306;9773;1466;11570;14588;4474;12308;20323;18115;7185;13632;12367;12771
Sierra Leone;9059;11372;17522;12490;19902;19840;701;11305;2605;20928;23089;25579;22547;5936;29711;12289;18865;3812;11598;20470;26328;4313;2607;2371;23156;5280;18830;28867;24189;2051;27868;7572;15299;5566;9178;27835;5589;15751;15944;7783;7835;22683;12173;29285;26672;27531;21066;22473;1161;21753;21331;18268;27527;28130;12617;12957;19850;27954;9860
Serbia;9832;3;17596;15515;19074;21594;6106;6966;10006;25979;10390;29249;5166;21286;27781;9247;28072;4340;13257;17672;24035;10531;13120;14703;25141;7050;17465;27467;205;13298;20189;6089;15643;881;27456;1767;13633;28477;6578;14557;25450;25049;9861;21570;24257;18032;28941;29467;22791;14215;28297;27464;24143;6017;15841;11408;18594;10509;13739
Sao Tome and Principe;11565;4043;3351;25344;19675;18442;21366;11120;5649;29074;27594;22277;27610;9471;12711;26010;25002;18967;28009;29158;6007;3214;12401;10824;9902;28807;9028;26932;1864;28464;10984;23736;16353;6287;26830;12074;18732;19883;11714;14605;8066;3587;23208;24653;2787;13727;2600;1126;2032;2463;13786;10141;8370;8442;3375;9703;14957;1462;5418
Slovak Republic;8946;26915;4778;6025;17929;1626;7150;25899;895;9834;20415;3252;29472;21912;9160;29833;23671;1311;23533;29984;5714;12235;28869;2123;27100;8094;1461;12567;21059;16720;15080;22859;27739;3632;21701;18673;3131;15042;24982;12707;24603;3332;1568;10402;19703;16062;27039;6699;11494;415;20110;1323;23150;11778;14334;16410;25188;11666;18776
Slovenia;2195;11446;24163;7589;27677;3881;17456;6109;28882;7003;4884;19654;714;8041;25901;2000;4889;8021;11168;5567;18382;5304;2614;24322;15993;28896;22653;28007;2482;8787;8828;25492;1541;6177;21212;29932;626;5954;23963;9292;17675;18627;19747;16033;27514;27629;25043;19651;677;26846;26894;23630;1038;15522;28899;9686;4808;4276;7127
Sweden;23443;4052;23910;25491;15392;14161;25984;21165;11578;13825;4357;2500;26832;5892;1367;27762;11036;24724;4301;7917;13377;22284;28318;28107;6094;446;4003;29266;29419;205;2252;12938;21215;20520;23491;16399;8659;26819;446;28872;21944;14133;29530;2297;27425;25451;14645;25965;23312;26385;26952;3418;18762;15661;27591;10181;7759;4159;21877
Eswatini;17524;21285;11131;15737;14506;428;23979;10386;842;13314;9416;19329;6051;26909;6776;29700;21958;171;17380;29576;13064;24993;23493;14805;8462;25179;11803;5375;13637;20747;3003;25780;28642;29260;12956;29556;13724;10714;20641;1697;24792;8063;11434;11453;28901;17561;667;13343;23400;13262;1618;8959;16036;22799;12810;4590;9135;9521;28478
Seychelles;17815;18107;17282;6289;13142;7948;17912;7661;20897;10200;18009;13514;4812;25993;23904;1071;7115;27931;3348;21015;7864;16492;23226;2376;18784;14319;15062;11535;18143;508;12504;28945;24441;29033;22493;369;9971;196;26462;11841;13868;19317;28693;23361;2124;12734;3816;9650;24142;5300;19039;25516;5396;29308;25775;6600;6939;14756;4365
Syria;29305;27709;8638;15571;19565;7045;845;28927;12488;27286;29838;18334;29725;21164;5296;9814;3389;402;8689;21510;7668;9361;23679;3289;26930;7003;21056;10137;6738;5559;9228;6370;2822;11250;17832;4822;3038;4915;732;1727;28466;15653;5500;11799;10022;5211;12710;1890;3070;14296;4571;13492;2977;25084;15250;16140;7610;11155;24325
Chad;8318;22945;27589;16320;28674;6223;24588;15769;19418;5014;4244;18604;28744;19342;20310;16815;25074;16894;21076;22820;25575;9916;24693;3115;16684;25177;10229;5152;10384;25460;11424;23080;22058;12420;2008;18474;29618;13659;25729;28528;11469;23777;3192;573;2663;2892;16835;21397;3963;87;22596;8364;29771;3525;20959;25367;27513;8427;25771
Togo;22619;27770;18356;11927;17495;24897;19705;12391;15641;22591;8388;1976;15547;6970;21331;8465;10286;926;657;11849;16418;26095;13308;16935;4386;29572;9198;14989;22829;12204;27390;5145;19;9230;20710;20879;28882;19653;13128;5715;29069;4024;16510;29922;8334;3312;18290;27584;28961;17698;23519;28847;13880;9829;24268;9567;27232;28222;1207
Thailand;22720;25319;16963;1899;14713;28139;7239;9127;15375;11458;25400;23837;3769;4572;4363;23706;3850;3045;15957;15644;19017;28657;3450;18367;8187;2418;22819;19514;4189;24077;13991;6822;28826;4961;22246;8144;24479;19868;14434;4102;23794;7635;22365;12748;17975;15050;25185;56;13543;6768;22391;22795;17242;1420;29632;10827;4815;7014;3695
Tajikistan;5086;4993;28946;1911;14675;2153;4191;18160;1254;811;15954;20812;17874;23305;7511;7335;2867;26523;11683;20232;22022;25572;21133;20402;18712;16236;629;27882;11854;14732;20857;17630;5277;7147;3644;17125;13180;6444;13594;762;28674;16998;5748;21326;3249;12152;9529;1038;10643;13753;21295;17490;29283;6523;7865;20938;19627;25030;11705
Trinidad and Tobago;4906;27493;13294;27876;1582;27731;24908;25446;10886;8718;14868;2600;16428;8102;25091;9229;8208;5189;10320;17417;6741;21776;24302;17291;5349;15571;19479;10048;21162;26617;5656;11791;11102;24927;20072;7716;17246;15344;22934;27666;3412;10598;24580;25315;2594;24095;6439;25249;2863;26400;15562;13751;17201;28898;10919;1435;18847;25605;12210
Tunisia;5906;22370;13621;6120;19173;15769;23324;6748;19742;12315;9473;13550;3578;3075;21608;26950;4381;13360;4871;12080;10535;26465;19471;2052;6416;27183;16242;24161;3256;237;51;12430;10766;3451;20073;18882;7291;10249;1466;20080;13279;2194;15512;27817;5630;21596;18190;14440;15375;20768;868;3880;25604;8644;12038;16640;7274;7654;9228
Turkey;13036;14621;5920;18451;15737;29189;20510;11090;14254;21130;25016;27836;22323;27110;12990;11219;14163;14987;4851;5127;19024;28486;29518;6210;3717;16810;1955;6145;14912;12162;23153;22563;7213;7148;27838;24365;24735;22735;7876;3675;23874;15669;12173;22773;23216;4315;19997;10300;1421;19146;6452;16957;1824;13986;21577;3137;14235;4316;950
Tanzania;8085;1334;16167;11089;967;6071;1860;8815;15218;19439;9066;7732;18503;14048;26166;17876;7066;13377;28721;13929;7920;1843;6778;12037;6610;25192;25776;14800;12603;20180;6034;19403;20284;5435;23978;17194;11640;27675;26496;2970;3093;14326;13340;3196;24273;29380;17557;20280;3830;11934;13734;28458;16609;19750;24805;9874;23314;17788;21684
Uganda;29893;18598;4874;1239;7231;10718;24738;7830;27066;13879;16351;22547;5957;11458;28494;25918;15026;5495;6417;6504;27128;6335;12646;9735;22635;17541;207;3301;29533;26417;1395;18368;28163;9785;4146;4925;24108;25072;6806;16127;29888;16833;6036;11142;11245;15732;20608;21458;27012;27192;15057;15;2746;22453;21689;19967;18160;19567;11835
Ukraine;2198;18287;16552;18499;10875;16281;14835;11935;3778;8963;27337;5392;8876;15864;5282;28863;3200;27123;16757;13631;18450;11975;7957;14542;20223;28496;6120;21732;20457;11436;6271;28822;18853;8551;25708;29278;4773;5554;21579;2172;28106;28525;1142;19305;2817;19887;9313;1834;13020;22533;10406;29261;2546;38;11093;28775;18507;12740;18365
Uruguay;6961;14328;8695;14245;15761;11716;11858;20271;10173;29310;2539;19800;16443;6786;27622;18361;11632;22547;19253;5357;4732;6337;23141;21825;26965;6292;20632;20605;23963;15517;7224;28896;25441;28354;23050;14692;13592;7116;6043;25313;28353;24354;16462;5404;5296;29137;27120;303;3042;4863;21940;875;8374;10140;8116;20752;451;24532;15264
United States;26531;12136;3197;8759;28818;14932;20109;24015;8020;7791;24562;13319;25614;8720;13628;21072;7584;15511;28139;4798;6934;22958;27040;28133;21242;5843;17865;13234;22577;29523;28813;25097;15379;22888;26346;27106;9610;2442;25961;24491;3886;23524;1193;23770;6259;26672;16781;23760;16888;3180;10030;15788;10309;29038;8607;14320;22639;28885;28574
St. Vincent and the Grenadines;10588;20954;24512;28846;6588;24205;7182;16226;14446;19416;17797;9428;9821;24442;16270;1076;10647;18195;23163;23983;18882;9601;23929;13172;22003;10683;10558;5555;22259;23226;10588;29190;5702;23900;15651;28161;13998;25761;15260;10365;20810;237;26751;29990;3996;7728;15347;26253;22997;2532;15896;15769;24177;20780;17317;20825;3223;22727;17679
Venezuela;11486;12985;22077;8440;4383;10563;8052;23402;10782;27385;27912;18597;13641;21875;27127;2468;4342;10698;17955;12778;3050;217;13345;2192;1565;29044;27329;8555;23084;22335;21437;12412;28864;21308;28725;26598;10837;10782;1344;1061;15595;1072;2061;5515;18427;16381;23487;28247;26616;23742;12445;24855;9808;28936;25832;9949;8;27933;4305
Vietnam;28931;29299;5999;20855;29907;7697;11007;14295;12423;15555;26908;8460;3546;18340;25728;3992;12109;19931;25432;320;7656;11148;29302;1870;991;25593;11484;3229;10068;24649;3997;28076;15496;9483;14474;12564;24739;9618;21751;12741;21335;15468;13913;16047;3550;26895;18689;25628;27754;5204;13623;1934;13121;721;3817;2305;23592;11272;27959
Vanuatu;5266;23947;14532;15526;23180;17644;8250;16140;8670;18896;16689;17694;7482;12824;14810;20436;24823;11887;19816;7730;21522;18287;11511;15140;17737;29054;10055;2089;17384;14832;6563;18705;13979;19692;28261;3069;2880;2871;8790;23731;12221;5333;27828;16221;26634;21494;12908;12914;7177;17112;3273;25183;22862;15825;17609;4398;19815;4977;11624
Yemen;8822;216;27056;14489;21500;6146;17126;16;9451;7004;26365;23305;2988;21427;29142;1864;2434;4247;17013;4173;19839;18142;9068;29597;3613;17445;3789;15960;17524;10758;9154;10703;20161;1538;3346;20719;12695;14566;12882;6492;22612;20976;29649;10596;7693;21753;6227;11269;17945;23646;9200;7444;24454;9583;29118;1493;28307;2462;16470
South Africa;18177;9442;16750;10786;356;15942;12822;26687;14491;22026;21125;26043;6520;4380;14249;28594;8650;2167;13156;13179;21529;3607;27099;11076;21459;29422;9001;4398;19492;20344;11851;16531;25725;7099;14002;29999;21342;28865;15914;25478;18417;12918;4790;6953;17681;18011;25355;8101;19568;22555;20017;28121;4971;17198;29890;17248;28181;11041;24116
Zambia;10464;21736;20265;210;12660;18509;6596;14287;18971;2982;26182;11061;11136;1201;28285;27644;8969;21734;11177;16993;24695;7934;18335;16289;22761;6311;5074;13596;17959;5258;6476;23743;21065;28798;28039;12758;13025;22945;29763;24510;20455;4701;28674;8809;3527;1377;6788;990;15289;18909;4346;20412;19372;28507;27993;21237;2396;15902;5400
Zimbabwe;;28404;10129;19476;14363;4903;6689;24147;3488;14111;18968;23796;710;24073;25926;23395;15040;17647;4338;19771;15095;5548;21945;11639;7194;5912;11350;17453;1115;22555;24242;29246;19110;20609;8910;26046;5797;27462;2188;11573;28552;503;20460;19692;14330;17409;622;23013;404;2488;4787;22030;22229;10478;16405;20648;24125;29635;12051
